{"cameraMode":{"drawMode":0,"name":"Shaded","section":"Shading Mode"},"sceneLighting":true,"audioPlay":false,"sceneViewState":{"m_AlwaysRefresh":false,"showFog":true,"showSkybox":true,"showFlares":true,"showImageEffects":true,"showParticleSystems":true,"showVisualEffectGraphs":true,"m_FxEnabled":true},"in2DMode":false,"pivot":{"x":-14.813522338867188,"y":-1.4988067150115967,"z":2.595425844192505},"rotation":{"x":-0.03126158565282822,"y":0.9687323570251465,"z":-0.17208920419216157,"w":-0.17597843706607819},"size":28.135101318359376,"orthographic":false}